{
  "caxton_providers": [
    {
      "type": "caxton",
      "regular": {
        "file": "tomorrow_regular.ttf",
        "scale_factor": 1.3,
        "shadow_offset": 0.7
      },
      "bold": {
        "file": "tomorrow_bold.ttf",
        "scale_factor": 1.3,
        "shadow_offset": 0.7
      },
      "italic": {
        "file": "tomorrow_italic.ttf",
        "scale_factor": 1.3,
        "shadow_offset": 0.7
      },
      "bold_italic": {
        "file": "tomorrow_bold_italic.ttf",
        "scale_factor": 1.3,
        "shadow_offset": 0.7
      }
    }
  ],
  "providers": [
    {
      "type": "ttf",
      "file": "tomorrow_regular.ttf",
      "shift": [0, 0],
      "size": 10.2,
      "oversample": 24.2
    }
  ]
}

