{
	"credit": "Made with Blockbench",
	"parent": "minecraft:block/cube",
	"textures": {
		"2": "block/jukebox_top_playing",
		"3": "block/jukebox_side_playing",
		"particle": "block/jukebox_side"
	},
	"elements": [
		{
			"from": [12, 15, 0],
			"to": [16, 16, 16],
			"rotation": {"angle": 0, "axis": "y", "origin": [0, 15, 0]},
			"faces": {
				"north": {"uv": [0, 0, 4, 1], "texture": "#3"},
				"east": {"uv": [0, 0, 16, 1], "texture": "#3"},
				"south": {"uv": [0, 0, 4, 1], "texture": "#3"},
				"west": {"uv": [0, 0, 16, 1], "texture": "#3"},
				"up": {"uv": [12, 0, 16, 16], "texture": "#2"}
			}
		},
		{
			"from": [0, 0, 0],
			"to": [16, 15, 16],
			"faces": {
				"north": {"uv": [0, 1, 16, 16], "texture": "#3"},
				"east": {"uv": [0, 1, 16, 16], "texture": "#3"},
				"south": {"uv": [0, 1, 16, 16], "texture": "#3"},
				"west": {"uv": [0, 1, 16, 16], "texture": "#3"},
				"up": {"uv": [0, 0, 16, 16], "texture": "#2"},
				"down": {"uv": [0, 0, 16, 16], "texture": "#3"}
			}
		},
		{
			"from": [4, 15, 11],
			"to": [12, 16, 16],
			"rotation": {"angle": 0, "axis": "y", "origin": [-1, 15, 0]},
			"faces": {
				"north": {"uv": [0, 0, 6, 1], "texture": "#3"},
				"south": {"uv": [0, 0, 6, 1], "texture": "#3"},
				"up": {"uv": [4, 11, 12, 16], "texture": "#2"}
			}
		},
		{
			"from": [4, 15, 0],
			"to": [12, 16, 5],
			"rotation": {"angle": 0, "axis": "y", "origin": [0, 15, -10]},
			"faces": {
				"north": {"uv": [0, 0, 6, 1], "texture": "#3"},
				"south": {"uv": [0, 0, 6, 1], "texture": "#3"},
				"up": {"uv": [4, 0, 12, 5], "texture": "#2"}
			}
		},
		{
			"from": [0, 15, 0],
			"to": [4, 16, 16],
			"rotation": {"angle": 0, "axis": "y", "origin": [0, 15, 0]},
			"faces": {
				"north": {"uv": [0, 0, 4, 1], "texture": "#3"},
				"east": {"uv": [0, 0, 16, 1], "texture": "#3"},
				"south": {"uv": [0, 0, 4, 1], "texture": "#3"},
				"west": {"uv": [0, 0, 16, 1], "texture": "#3"},
				"up": {"uv": [0, 0, 4, 16], "texture": "#2"}
			}
		},
		{
			"from": [4, 14.5, 5],
			"to": [5, 16.5, 9],
			"rotation": {"angle": 0, "axis": "y", "origin": [5, 14.5, 4]},
			"faces": {
				"north": {"uv": [5, 15, 11, 16], "texture": "#2"},
				"east": {"uv": [6, 15, 9, 16], "texture": "#2"},
				"west": {"uv": [6, 15, 9, 16], "texture": "#2"},
				"up": {"uv": [4, 5, 5, 9], "texture": "#2"}
			}
		},
		{
			"from": [5, 14.5, 5],
			"to": [11, 16.5, 6],
			"rotation": {"angle": 0, "axis": "y", "origin": [11, 14.5, 4]},
			"faces": {
				"north": {"uv": [5, 15, 11, 16], "texture": "#2"},
				"south": {"uv": [5, 15, 11, 16], "texture": "#2"},
				"up": {"uv": [5, 5, 11, 6], "texture": "#2"}
			}
		},
		{
			"from": [11, 14.5, 5],
			"to": [12, 16.5, 9],
			"rotation": {"angle": 0, "axis": "y", "origin": [12, 14.5, 4]},
			"faces": {
				"north": {"uv": [5, 15, 11, 16], "texture": "#2"},
				"east": {"uv": [6, 15, 9, 16], "texture": "#2"},
				"west": {"uv": [6, 15, 9, 16], "texture": "#2"},
				"up": {"uv": [11, 5, 12, 9], "texture": "#2"}
			}
		},
		{
			"from": [4, 14.5, 9],
			"to": [12, 16.5, 11],
			"rotation": {"angle": 0, "axis": "y", "origin": [5, 14.5, 8]},
			"faces": {
				"north": {"uv": [5, 15, 11, 16], "texture": "#2"},
				"east": {"uv": [6, 15, 9, 16], "texture": "#2"},
				"south": {"uv": [5, 15, 11, 16], "texture": "#2"},
				"west": {"uv": [6, 15, 9, 16], "texture": "#2"},
				"up": {"uv": [4, 9, 12, 11], "texture": "#2"}
			}
		}
	],
	"groups": [
		{
			"name": "box",
			"origin": [0, 15, 0],
			"color": 0,
			"children": [0, 1, 2, 3, 4]
		},
		{
			"name": "casset",
			"origin": [5, 14, 6],
			"color": 0,
			"children": [5, 6, 7, 8]
		}
	]
}