{
	"credit": "Made with Blockbench",
	"parent": "minecraft:block/cube",
	"textures": {
		"3": "block/jukebox_side",
		"5": "block/jukebox_top_playing",
		"6": "block/jukebox_top",
		"particle": "block/jukebox_side"
	},
	"elements": [
		{
			"from": [12, 15, 0],
			"to": [16, 16, 16],
			"rotation": {"angle": 0, "axis": "y", "origin": [0, 15, 0]},
			"faces": {
				"north": {"uv": [0, 0, 4, 1], "texture": "#3"},
				"east": {"uv": [0, 0, 16, 1], "texture": "#3"},
				"south": {"uv": [0, 0, 4, 1], "texture": "#3"},
				"west": {"uv": [0, 0, 16, 1], "texture": "#3"},
				"up": {"uv": [12, 0, 16, 16], "texture": "#5"}
			}
		},
		{
			"from": [0, 0, 0],
			"to": [16, 15, 16],
			"rotation": {"angle": 0, "axis": "y", "origin": [16, 17, 0]},
			"faces": {
				"north": {"uv": [0, 1, 16, 16], "texture": "#3"},
				"east": {"uv": [0, 1, 16, 16], "texture": "#3"},
				"south": {"uv": [0, 1, 16, 16], "texture": "#3"},
				"west": {"uv": [0, 1, 16, 16], "texture": "#3"},
				"up": {"uv": [0, 0, 16, 16], "texture": "#6"},
				"down": {"uv": [0, 0, 16, 16], "texture": "#3"}
			}
		},
		{
			"from": [4, 15, 11],
			"to": [12, 16, 16],
			"rotation": {"angle": 0, "axis": "y", "origin": [-1, 15, 0]},
			"faces": {
				"north": {"uv": [0, 0, 6, 1], "texture": "#3"},
				"south": {"uv": [0, 0, 6, 1], "texture": "#3"},
				"up": {"uv": [4, 11, 12, 16], "texture": "#5"}
			}
		},
		{
			"from": [4, 15, 0],
			"to": [12, 16, 5],
			"rotation": {"angle": 0, "axis": "y", "origin": [0, 15, -10]},
			"faces": {
				"north": {"uv": [0, 0, 6, 1], "texture": "#3"},
				"south": {"uv": [0, 0, 6, 1], "texture": "#3"},
				"up": {"uv": [4, 0, 12, 5], "texture": "#5"}
			}
		},
		{
			"from": [0, 15, 0],
			"to": [4, 16, 16],
			"rotation": {"angle": 0, "axis": "y", "origin": [0, 15, 0]},
			"faces": {
				"north": {"uv": [0, 0, 4, 1], "texture": "#3"},
				"east": {"uv": [0, 0, 16, 1], "texture": "#3"},
				"south": {"uv": [0, 0, 4, 1], "texture": "#3"},
				"west": {"uv": [0, 0, 16, 1], "texture": "#3"},
				"up": {"uv": [0, 0, 4, 16], "texture": "#5"}
			}
		},
		{
			"from": [6, 15, 7],
			"to": [7, 15.25, 8],
			"rotation": {"angle": 0, "axis": "y", "origin": [6, 15, 7]},
			"faces": {
				"north": {"uv": [6, 7, 7, 7.25], "texture": "#6"},
				"east": {"uv": [6, 7, 7, 7.25], "texture": "#6"},
				"south": {"uv": [6, 7, 7, 7.25], "texture": "#6"},
				"west": {"uv": [6, 7, 7, 7.25], "texture": "#6"},
				"up": {"uv": [6, 7, 7, 8], "texture": "#6"}
			}
		},
		{
			"from": [9, 15, 7],
			"to": [10, 15.25, 8],
			"rotation": {"angle": 0, "axis": "y", "origin": [9, 15, 7]},
			"faces": {
				"north": {"uv": [6, 7, 7, 7.25], "texture": "#6"},
				"east": {"uv": [6, 7, 7, 7.25], "texture": "#6"},
				"south": {"uv": [6, 7, 7, 7.25], "texture": "#6"},
				"west": {"uv": [6, 7, 7, 7.25], "texture": "#6"},
				"up": {"uv": [6, 7, 7, 8], "texture": "#6"}
			}
		},
		{
			"from": [4, 15.5, 5],
			"to": [5, 16.5, 9],
			"rotation": {"angle": -22.5, "axis": "x", "origin": [8, 15.5, 5.75]},
			"faces": {
				"north": {"uv": [5, 15, 11, 16], "texture": "#5"},
				"east": {"uv": [6, 15, 9, 16], "texture": "#5"},
				"south": {"uv": [5, 15, 11, 16], "texture": "#5"},
				"west": {"uv": [6, 15, 9, 16], "texture": "#5"},
				"up": {"uv": [4, 5, 5, 9], "texture": "#5"},
				"down": {"uv": [4, 5, 5, 9], "texture": "#5"}
			}
		},
		{
			"from": [5, 15.5, 5],
			"to": [11, 16.5, 6],
			"rotation": {"angle": -22.5, "axis": "x", "origin": [8, 15.5, 5.75]},
			"faces": {
				"north": {"uv": [5, 15, 11, 16], "texture": "#5"},
				"east": {"uv": [6, 15, 9, 16], "texture": "#5"},
				"south": {"uv": [5, 15, 11, 16], "texture": "#5"},
				"west": {"uv": [6, 15, 9, 16], "texture": "#5"},
				"up": {"uv": [5, 5, 11, 6], "texture": "#5"},
				"down": {"uv": [5, 5, 11, 6], "texture": "#5"}
			}
		},
		{
			"from": [11, 15.5, 5],
			"to": [12, 16.5, 9],
			"rotation": {"angle": -22.5, "axis": "x", "origin": [8, 15.5, 5.75]},
			"faces": {
				"north": {"uv": [5, 15, 11, 16], "texture": "#5"},
				"east": {"uv": [6, 15, 9, 16], "texture": "#5"},
				"south": {"uv": [5, 15, 11, 16], "texture": "#5"},
				"west": {"uv": [6, 15, 9, 16], "texture": "#5"},
				"up": {"uv": [11, 5, 12, 9], "texture": "#5"},
				"down": {"uv": [11, 5, 12, 9], "texture": "#5"}
			}
		},
		{
			"from": [4, 15.5, 9],
			"to": [12, 16.5, 11],
			"rotation": {"angle": -22.5, "axis": "x", "origin": [8, 15.5, 5.75]},
			"faces": {
				"north": {"uv": [5, 15, 11, 16], "texture": "#5"},
				"east": {"uv": [6, 15, 9, 16], "texture": "#5"},
				"south": {"uv": [5, 15, 11, 16], "texture": "#5"},
				"west": {"uv": [6, 15, 9, 16], "texture": "#5"},
				"up": {"uv": [4, 9, 12, 11], "texture": "#5"},
				"down": {"uv": [4, 9, 12, 11], "texture": "#5"}
			}
		}
	],
	"groups": [
		{
			"name": "box",
			"origin": [0, 15, 0],
			"color": 0,
			"children": [0, 1, 2, 3, 4, 5, 6]
		},
		{
			"name": "casset",
			"origin": [5, 14, 6],
			"color": 0,
			"children": [7, 8, 9, 10]
		}
	]
}